[ {
    "id" : 1,
    "text" : "流程管理",
    "children" : [ {
        "id" : "define-deploy",
        "text" : "流程定义及部署",
        "url":"workflow/process/list"
    }, {
        "id" : "modelarea",
        "text" : "模型工作区",
        "iconCls" : "icon-reload",
        "url":"workflow/model/list"
    } ]
},{
    "id" : 2,
    "text" : "普通表单-报事流程",
    "children" : [ {
        "id" : "newform",
        "text" : "报事",
        "iconCls":"icon-ok",
        "url":"baoshi/main"
    }]
},{
    "id" : 3,
    "text" : "内置表单",
    "children" : [ {
        "id" : "newform",
        "text" : "新建工单",
        "url":"workflow/process/list"
    }, {
        "id" : "undoform",
        "text" : "待办工单",
        "iconCls" : "icon-reload",
        "url":"workflow/model/list"
    }, {
        "id" : "workingform",
        "text" : "运行中工单",
        "iconCls" : "icon-reload",
        "url":"workflow/model/list"
    }, {
        "id" : "completeform",
        "text" : "已完成工单",
        "iconCls" : "icon-reload",
        "url":"workflow/model/list"
    } ]
},{
    "id" : 3,
    "text" : "外置表单",
    "children" : [ {
        "id" : "newform",
        "text" : "新建工单",
        "url":"workflow/process/list"
    }, {
        "id" : "undoform",
        "text" : "待办工单",
        "iconCls" : "icon-reload",
        "url":"workflow/model/list"
    }, {
        "id" : "workingform",
        "text" : "运行中工单",
        "iconCls" : "icon-reload",
        "url":"workflow/model/list"
    }, {
        "id" : "completeform",
        "text" : "已完成工单",
        "iconCls" : "icon-reload",
        "url":"workflow/model/list"
    } ]
}]