<?xml version="1.0" encoding="UTF-8"?>
<beans xmlns="http://www.springframework.org/schema/beans"
       xmlns:p="http://www.springframework.org/schema/p"
       xmlns:xsi="http://www.w3.org/2001/XMLSchema-instance"
       xmlns:context="http://www.springframework.org/schema/context"
       xmlns:mvc="http://www.springframework.org/schema/mvc"
       xsi:schemaLocation="
    http://www.springframework.org/schema/beans
    http://www.springframework.org/schema/beans/spring-beans-3.2.xsd
    http://www.springframework.org/schema/context
    http://www.springframework.org/schema/context/spring-context-3.2.xsd
    http://www.springframework.org/schema/mvc
    http://www.springframework.org/schema/mvc/spring-mvc-3.2.xsd">

    <mvc:annotation-driven>
        <!-- 处理responseBody 里面日期类型 -->
        <mvc:message-converters>
            <bean class="org.springframework.http.converter.json.MappingJackson2HttpMessageConverter">
                <property name="objectMapper">
                    <bean class="com.fasterxml.jackson.databind.ObjectMapper">
                        <property name="dateFormat">
                            <bean class="java.text.SimpleDateFormat">
                                <constructor-arg type="java.lang.String" value="yyyy-MM-dd HH:mm:ss" />
                            </bean>
                        </property>
                    </bean>
                </property>
            </bean>
        </mvc:message-converters>
    </mvc:annotation-driven>
    <!-- 扫描controller（controller层注入） -->
    <context:component-scan base-package="com.ssm"/>

    <mvc:view-controller path="/" view-name="redirect:/"/>

    <!--配置不需要springmvc拦截的资源 方式一-->
    <!--<mvc:resources mapping="/include/**" location="/include/"/>
    <mvc:resources mapping="/jquery-easyui-1.4/**" location="/jquery-easyui-1.4/"/>
    <mvc:resources mapping="/images/**" location="/images/"/>
    <mvc:resources mapping="/data/**" location="/data/"/>-->
    <!--配置不需要springmvc拦截的资源 方式二-->
    <mvc:default-servlet-handler />

    <!-- 避免IE在ajax请求时，返回json出现下载 -->
    <bean id="jacksonMessageConverter" class="org.springframework.http.converter.json.MappingJackson2HttpMessageConverter">
        <property name="supportedMediaTypes">
            <list>
                <value>text/html;charset=UTF-8</value>
            </list>
        </property>
    </bean>

    <!-- 对模型视图添加前后缀 -->
    <bean id="viewResolver" class="org.springframework.web.servlet.view.InternalResourceViewResolver"
          p:prefix="/WEB-INF/views/" p:suffix=".jsp"/>

    <!-- SpringMVC上传文件时，需要配置MultipartResolver处理器 -->
    <bean id="multipartResolver" class="org.springframework.web.multipart.commons.CommonsMultipartResolver">
        <property name="defaultEncoding" value="UTF-8"/>
        <!-- 指定所上传文件的总大小不能超过200KB。注意maxUploadSize属性的限制不是针对单个文件，而是所有文件的容量之和 -->
        <property name="maxUploadSize" value="200000"/>
    </bean>

    <!-- SpringMVC在超出上传文件限制时，会抛出org.springframework.web.multipart.MaxUploadSizeExceededException -->
    <!-- 该异常是SpringMVC在检查上传的文件信息时抛出来的，而且此时还没有进入到Controller方法中 -->
    <bean id="exceptionResolver" class="org.springframework.web.servlet.handler.SimpleMappingExceptionResolver">
        <property name="exceptionMappings">
            <props>
                <!-- 遇到MaxUploadSizeExceededException异常时，自动跳转到/WEB-INF/jsp/error_fileupload.jsp页面 -->
                <prop key="org.springframework.web.multipart.MaxUploadSizeExceededException">error_fileupload</prop>
            </props>
        </property>
    </bean>
</beans>