<?xml version="1.0" encoding="UTF-8" ?>
<!DOCTYPE mapper PUBLIC "-//mybatis.org//DTD Mapper 3.0//EN" "http://mybatis.org/dtd/mybatis-3-mapper.dtd" >
<mapper namespace="com.ssm.web.dao.BaoshiDao">
    <!-- 插入操作 -->
    <insert id="save" parameterType="com.ssm.web.model.Baoshi" useGeneratedKeys="true" keyProperty="id" keyColumn="id">
        <selectKey resultType="int" keyProperty="id" order="AFTER">
            SELECT LAST_INSERT_ID();
        </selectKey>
        insert into baoshi(type,createTime,remarks,userkey,processInstanceId) values
        (#{type},#{createTime},#{remarks},#{userKey},#{processInstanceId})
    </insert>

    <!-- 更新 -->
    <update id="update" parameterType="com.ssm.web.model.Baoshi">
        UPDATE baoshi u
        SET u.type = #{type}, u.createTime = #{createTime}, u.remarks = #{remarks}, u.userKey = #{userKey},
            u.processInstanceId = #{processInstanceId}
        WHERE u.id = #{id}
    </update>
    <select id="selectById" resultType="com.ssm.web.model.Baoshi">
        SELECT
            *
        FROM baoshi b
        WHERE b.id = #{id}
    </select>

    <!-- 通过id查询-->
</mapper>