<?xml version="1.0" encoding="UTF-8" ?>
<!DOCTYPE mapper PUBLIC "-//mybatis.org//DTD Mapper 3.0//EN" "http://mybatis.org/dtd/mybatis-3-mapper.dtd" >
<mapper namespace="com.ssm.web.dao.MenuDao">
    <select id="ctrlTree" resultType="com.ssm.web.model.TreeDTO">
        select * from menu m where 1=1
        <choose>

            <when test="id != null">
                and pid = #{id}
            </when>
            <otherwise>
                and pid is null
            </otherwise>
        </choose>
    </select>
    <select id="countChildrens" resultType="java.lang.Integer">
        select count(*) from menu m where m.pid = #{id}
    </select>
</mapper>