<?xml version="1.0" encoding="UTF-8" ?>
<!DOCTYPE mapper PUBLIC "-//mybatis.org//DTD Mapper 3.0//EN" "http://mybatis.org/dtd/mybatis-3-mapper.dtd" >
<mapper namespace="com.ssm.web.dao.UserDao">
    <insert id="insertUser" parameterType="User" keyProperty="id">
        INSERT INTO user (
            password,
            userId,
            birthday,
            age,
            address,
            sex,
            qq,
            email
        )
        VALUES
            (
                #{password},
                #{userId},
                #{birthday},
                #{age},
                #{address},
                #{sex},
                #{qq},
                #{email}
            )
    </insert>
    <update id="update">
        UPDATE user
        SET
            password = #{password},
            userId   = #{userId},
            birthday = #{birthday},
            age      = #{age},
            address  = #{address},
            sex      = #{sex},
            qq       = #{qq},
            email    = #{email}
        WHERE id = #{id}

    </update>
    <!-- 批量删除用户,ids字符串-->
    <delete id="delete">
        DELETE FROM user
        WHERE id IN (${ids})
    </delete>
    <!-- 查询登录用户-->
    <select id="findUserByUserIdAndPwd" resultType="com.ssm.web.model.User" parameterType="User">
        SELECT
            *
        FROM user u
        WHERE u.userId = #{userId} AND u.password = #{password}

    </select>
    <select id="findAll" resultType="com.ssm.web.model.User">
        select * from user u where 1 = 1
        <if test="user != null">
            <if test="user.sex != null">
                <if test="user.sex != ''">
                    and u.sex = #{user.sex}
                </if>
            </if>
            <if test="user.qq != null">
                <if test="user.qq != ''">
                    and u.qq = #{user.qq}
                </if>
            </if>
            <if test="user.email != null">
                <if test="user.email != ''">
                    and u.email = #{user.email}
                </if>
            </if>
            <if test="user.userId != null">
                <if test="user.userId != ''">
                    and u.userId = #{user.userId}
                </if>
            </if>
        </if>
        <if test="sortName != null">
            <if test="sortOrder != null">
                order by ${sortName} ${sortOrder}
            </if>
        </if>
        limit #{pageNo},#{pageSize}

    </select>
    <select id="countAll" resultType="java.lang.Integer">
        SELECT
        count(*)
        FROM user u where 1 = 1
        <if test="user != null">
            <if test="user.sex != null">
                <if test="user.sex != ''">
                    and u.sex = #{user.sex}
                </if>
            </if>
            <if test="user.qq != null">
                <if test="user.qq != ''">
                    and u.qq = #{user.qq}
                </if>
            </if>
            <if test="user.email != null">
                <if test="user.email != ''">
                    and u.email = #{user.email}
                </if>
            </if>
            <if test="user.userId != null">
                <if test="user.userId != ''">
                    and u.userId = #{user.userId}
                </if>
            </if>
        </if>
    </select>
</mapper>